L,H,Tau,Increasing
0,0.8,0.05,0
0,0.8,0.15,0
0,0.8,0.25,0
0,0.8,0.35,0
0,0.8,0.45,0
0,0.8,0.55,0
0,0.8,0.65,0
0,0.8,0.75,0
0,0.8,0.85,1
0,0.8,0.95,1
0.1,0.8,0.05,0
0.1,0.8,0.15,0
0.1,0.8,0.25,0
0.1,0.8,0.35,0
0.1,0.8,0.45,0
0.1,0.8,0.55,0
0.1,0.8,0.65,0
0.1,0.8,0.75,0
0.1,0.8,0.85,0
0.1,0.8,0.95,1
0.2,0.8,0.05,0
0.2,0.8,0.15,0
0.2,0.8,0.25,0
0.2,0.8,0.35,0
0.2,0.8,0.45,0
0.2,0.8,0.55,0
0.2,0.8,0.65,0
0.2,0.8,0.75,0
0.2,0.8,0.85,1
0.2,0.8,0.95,1
0.3,0.8,0.05,0
0.3,0.8,0.15,0
0.3,0.8,0.25,0
0.3,0.8,0.35,0
0.3,0.8,0.45,0
0.3,0.8,0.55,0
0.3,0.8,0.65,0
0.3,0.8,0.75,1
0.3,0.8,0.85,0
0.3,0.8,0.95,1
0.4,0.8,0.05,0
0.4,0.8,0.15,0
0.4,0.8,0.25,0
0.4,0.8,0.35,0
0.4,0.8,0.45,0
0.4,0.8,0.55,0
0.4,0.8,0.65,0
0.4,0.8,0.75,0
0.4,0.8,0.85,0
0.4,0.8,0.95,1
0.5,0.8,0.05,0
0.5,0.8,0.15,0
0.5,0.8,0.25,0
0.5,0.8,0.35,0
0.5,0.8,0.45,0
0.5,0.8,0.55,0
0.5,0.8,0.65,0
0.5,0.8,0.75,0
0.5,0.8,0.85,1
0.5,0.8,0.95,1
0.6,0.8,0.05,0
0.6,0.8,0.15,0
0.6,0.8,0.25,0
0.6,0.8,0.35,0
0.6,0.8,0.45,0
0.6,0.8,0.55,0
0.6,0.8,0.65,0
0.6,0.8,0.75,0
0.6,0.8,0.85,0
0.6,0.8,0.95,1
0.7,0.8,0.05,0
0.7,0.8,0.15,0
0.7,0.8,0.25,0
0.7,0.8,0.35,0
0.7,0.8,0.45,0
0.7,0.8,0.55,0
0.7,0.8,0.65,0
0.7,0.8,0.75,0
0.7,0.8,0.85,0
0.7,0.8,0.95,0
